<metadata xml:lang="en"><Esri><CreaDate>20230414</CreaDate><CreaTime>11364000</CreaTime><ArcGISFormat>1.0</ArcGISFormat><SyncOnce>FALSE</SyncOnce><DataProperties><lineage><Process ToolSource="c:\program files\arcgis\pro\Resources\ArcToolbox\toolboxes\Data Management Tools.tbx\Merge" Date="20230414" Time="113640">Merge in_memory\Final_Roads_WARWICK;in_memory\Final_Roads_WESTWARWICK;in_memory\Final_Roads_CRANSTON C:\Users\OpenTron\Documents\NRS528\Midterm\DATA\output_files\Midstate_roads_merge.shp "ORIG_FID "ORIG_FID" true true false 10 Long 0 10,First,#,in_memory\Final_Roads_WARWICK,ORIG_FID,-1,-1,in_memory\Final_Roads_WESTWARWICK,ORIG_FID,-1,-1,in_memory\Final_Roads_CRANSTON,ORIG_FID,-1,-1;ORIG_SEQ "ORIG_SEQ" true true false 10 Long 0 10,First,#,in_memory\Final_Roads_WARWICK,ORIG_SEQ,-1,-1,in_memory\Final_Roads_WESTWARWICK,ORIG_SEQ,-1,-1,in_memory\Final_Roads_CRANSTON,ORIG_SEQ,-1,-1;PCT_RES "PCT_RES" true true false 19 Double 0 0,First,#,in_memory\Final_Roads_WARWICK,PCT_RES,-1,-1,in_memory\Final_Roads_WESTWARWICK,PCT_RES,-1,-1,in_memory\Final_Roads_CRANSTON,PCT_RES,-1,-1;PCT_COM "PCT_COM" true true false 19 Double 0 0,First,#,in_memory\Final_Roads_WARWICK,PCT_COM,-1,-1,in_memory\Final_Roads_WESTWARWICK,PCT_COM,-1,-1,in_memory\Final_Roads_CRANSTON,PCT_COM,-1,-1;PCT_FOR "PCT_FOR" true true false 19 Double 0 0,First,#,in_memory\Final_Roads_WARWICK,PCT_FOR,-1,-1,in_memory\Final_Roads_WESTWARWICK,PCT_FOR,-1,-1,in_memory\Final_Roads_CRANSTON,PCT_FOR,-1,-1;PCT_TRANS "PCT_TRANS" true true false 19 Double 0 0,First,#,in_memory\Final_Roads_WARWICK,PCT_TRANS,-1,-1,in_memory\Final_Roads_WESTWARWICK,PCT_TRANS,-1,-1,in_memory\Final_Roads_CRANSTON,PCT_TRANS,-1,-1;PCT_INDUST "PCT_INDUST" true true false 19 Double 0 0,First,#,in_memory\Final_Roads_WARWICK,PCT_INDUST,-1,-1,in_memory\Final_Roads_WESTWARWICK,PCT_INDUST,-1,-1,in_memory\Final_Roads_CRANSTON,PCT_INDUST,-1,-1;PCT_IMP "PCT_IMP" true true false 19 Double 0 0,First,#,in_memory\Final_Roads_WARWICK,PCT_IMP,-1,-1,in_memory\Final_Roads_WESTWARWICK,PCT_IMP,-1,-1,in_memory\Final_Roads_CRANSTON,PCT_IMP,-1,-1;PCT_CANOPY "PCT_CANOPY" true true false 19 Double 0 0,First,#,in_memory\Final_Roads_WARWICK,PCT_CANOPY,-1,-1,in_memory\Final_Roads_WESTWARWICK,PCT_CANOPY,-1,-1,in_memory\Final_Roads_CRANSTON,PCT_CANOPY,-1,-1;AVG_HEIGHT "AVG_HEIGHT" true true false 19 Double 0 0,First,#,in_memory\Final_Roads_WARWICK,AVG_HEIGHT,-1,-1,in_memory\Final_Roads_WESTWARWICK,AVG_HEIGHT,-1,-1,in_memory\Final_Roads_CRANSTON,AVG_HEIGHT,-1,-1;PCT_BUILD "PCT_BUILD" true true false 19 Double 0 0,First,#,in_memory\Final_Roads_WARWICK,PCT_BUILD,-1,-1,in_memory\Final_Roads_WESTWARWICK,PCT_BUILD,-1,-1,in_memory\Final_Roads_CRANSTON,PCT_BUILD,-1,-1;BikePath "BikePath" true true false 5 Long 0 5,First,#,in_memory\Final_Roads_WARWICK,BikePath,-1,-1,in_memory\Final_Roads_WESTWARWICK,BikePath,-1,-1,in_memory\Final_Roads_CRANSTON,BikePath,-1,-1;FIRE_ID "FIRE_ID" true true false 10 Long 0 10,First,#,in_memory\Final_Roads_WARWICK,FIRE_ID,-1,-1,in_memory\Final_Roads_WESTWARWICK,FIRE_ID,-1,-1,in_memory\Final_Roads_CRANSTON,FIRE_ID,-1,-1;FIRE_DIST "FIRE_DIST" true true false 19 Double 0 0,First,#,in_memory\Final_Roads_WARWICK,FIRE_DIST,-1,-1,in_memory\Final_Roads_WESTWARWICK,FIRE_DIST,-1,-1,in_memory\Final_Roads_CRANSTON,FIRE_DIST,-1,-1;PaR_ID "PaR_ID" true true false 10 Long 0 10,First,#,in_memory\Final_Roads_WARWICK,PaR_ID,-1,-1,in_memory\Final_Roads_WESTWARWICK,PaR_ID,-1,-1,in_memory\Final_Roads_CRANSTON,PaR_ID,-1,-1;PaR_DIST "PaR_DIST" true true false 19 Double 0 0,First,#,in_memory\Final_Roads_WARWICK,PaR_DIST,-1,-1,in_memory\Final_Roads_WESTWARWICK,PaR_DIST,-1,-1,in_memory\Final_Roads_CRANSTON,PaR_DIST,-1,-1;SPRING "SPRING" true true false 19 Double 0 0,First,#,in_memory\Final_Roads_WARWICK,SPRING,-1,-1,in_memory\Final_Roads_WESTWARWICK,SPRING,-1,-1,in_memory\Final_Roads_CRANSTON,SPRING,-1,-1;SUMMER "SUMMER" true true false 19 Double 0 0,First,#,in_memory\Final_Roads_WARWICK,SUMMER,-1,-1,in_memory\Final_Roads_WESTWARWICK,SUMMER,-1,-1,in_memory\Final_Roads_CRANSTON,SUMMER,-1,-1;FALL "FALL" true true false 19 Double 0 0,First,#,in_memory\Final_Roads_WARWICK,FALL,-1,-1,in_memory\Final_Roads_WESTWARWICK,FALL,-1,-1,in_memory\Final_Roads_CRANSTON,FALL,-1,-1;TOWN "TOWN" true true false 512 Text 0 0,First,#,in_memory\Final_Roads_WARWICK,TOWN,0,512,in_memory\Final_Roads_WESTWARWICK,TOWN,0,512,in_memory\Final_Roads_CRANSTON,TOWN,0,512" NO_SOURCE_INFO</Process><Process ToolSource="c:\program files\arcgis\pro\Resources\ArcToolbox\toolboxes\Data Management Tools.tbx\Dissolve" Date="20230501" Time="150720">Dissolve Ives_Rd C:\Users\OpenTron\Documents\ArcGIS\Projects\NRS528\NRS528.gdb\Ives_rd_Dissolve # "PCT_RES MEAN;PCT_COM MEAN;PCT_FOR MEAN;PCT_TRANS MEAN;PCT_INDUST MEAN;PCT_IMP MEAN;PCT_CANOPY MEAN;AVG_HEIGHT MEAN;PCT_BUILD MEAN;BikePath MEAN;SPRING MEAN;SUMMER MEAN;FALL MEAN" SINGLE_PART DISSOLVE_LINES #</Process><Process ToolSource="c:\program files\arcgis\pro\Resources\ArcToolbox\toolboxes\Data Management Tools.tbx\CalculateField" Date="20230502" Time="143315">CalculateField Ives_rd_Dissolve Road_Name 'Ives_Rd' "Python 3" # Text NO_ENFORCE_DOMAINS</Process><Process ToolSource="c:\program files\arcgis\pro\Resources\ArcToolbox\toolboxes\Data Management Tools.tbx\Merge" Date="20230502" Time="143552">Merge Ives_rd_Dissolve;WestShore2_dissolve;WarwickAve_dissolve;WestShore1_dissolve;PostRd_dissolve C:\Users\OpenTron\Documents\ArcGIS\Projects\NRS528\NRS528.gdb\All_Roads "MEAN_PCT_RES "MEAN_PCT_RES" true true false 8 Double 0 0,First,#,Ives_rd_Dissolve,MEAN_PCT_RES,-1,-1,WestShore2_dissolve,MEAN_PCT_RES,-1,-1,WarwickAve_dissolve,MEAN_PCT_RES,-1,-1,WestShore1_dissolve,MEAN_PCT_RES,-1,-1,PostRd_dissolve,MEAN_PCT_RES,-1,-1;MEAN_PCT_COM "MEAN_PCT_COM" true true false 8 Double 0 0,First,#,Ives_rd_Dissolve,MEAN_PCT_COM,-1,-1,WestShore2_dissolve,MEAN_PCT_COM,-1,-1,WarwickAve_dissolve,MEAN_PCT_COM,-1,-1,WestShore1_dissolve,MEAN_PCT_COM,-1,-1,PostRd_dissolve,MEAN_PCT_COM,-1,-1;MEAN_PCT_FOR "MEAN_PCT_FOR" true true false 8 Double 0 0,First,#,Ives_rd_Dissolve,MEAN_PCT_FOR,-1,-1,WestShore2_dissolve,MEAN_PCT_FOR,-1,-1,WarwickAve_dissolve,MEAN_PCT_FOR,-1,-1,WestShore1_dissolve,MEAN_PCT_FOR,-1,-1,PostRd_dissolve,MEAN_PCT_FOR,-1,-1;MEAN_PCT_TRANS "MEAN_PCT_TRANS" true true false 8 Double 0 0,First,#,Ives_rd_Dissolve,MEAN_PCT_TRANS,-1,-1,WestShore2_dissolve,MEAN_PCT_TRANS,-1,-1,WarwickAve_dissolve,MEAN_PCT_TRANS,-1,-1,WestShore1_dissolve,MEAN_PCT_TRANS,-1,-1,PostRd_dissolve,MEAN_PCT_TRANS,-1,-1;MEAN_PCT_INDUST "MEAN_PCT_INDUST" true true false 8 Double 0 0,First,#,Ives_rd_Dissolve,MEAN_PCT_INDUST,-1,-1,WestShore2_dissolve,MEAN_PCT_INDUST,-1,-1,WarwickAve_dissolve,MEAN_PCT_INDUST,-1,-1,WestShore1_dissolve,MEAN_PCT_INDUST,-1,-1,PostRd_dissolve,MEAN_PCT_INDUST,-1,-1;MEAN_PCT_IMP "MEAN_PCT_IMP" true true false 8 Double 0 0,First,#,Ives_rd_Dissolve,MEAN_PCT_IMP,-1,-1,WestShore2_dissolve,MEAN_PCT_IMP,-1,-1,WarwickAve_dissolve,MEAN_PCT_IMP,-1,-1,WestShore1_dissolve,MEAN_PCT_IMP,-1,-1,PostRd_dissolve,MEAN_PCT_IMP,-1,-1;MEAN_PCT_CANOPY "MEAN_PCT_CANOPY" true true false 8 Double 0 0,First,#,Ives_rd_Dissolve,MEAN_PCT_CANOPY,-1,-1,WestShore2_dissolve,MEAN_PCT_CANOPY,-1,-1,WarwickAve_dissolve,MEAN_PCT_CANOPY,-1,-1,WestShore1_dissolve,MEAN_PCT_CANOPY,-1,-1,PostRd_dissolve,MEAN_PCT_CANOPY,-1,-1;MEAN_AVG_HEIGHT "MEAN_AVG_HEIGHT" true true false 8 Double 0 0,First,#,Ives_rd_Dissolve,MEAN_AVG_HEIGHT,-1,-1,WestShore2_dissolve,MEAN_AVG_HEIGHT,-1,-1,WarwickAve_dissolve,MEAN_AVG_HEIGHT,-1,-1,WestShore1_dissolve,MEAN_AVG_HEIGHT,-1,-1,PostRd_dissolve,MEAN_AVG_HEIGHT,-1,-1;MEAN_PCT_BUILD "MEAN_PCT_BUILD" true true false 8 Double 0 0,First,#,Ives_rd_Dissolve,MEAN_PCT_BUILD,-1,-1,WestShore2_dissolve,MEAN_PCT_BUILD,-1,-1,WarwickAve_dissolve,MEAN_PCT_BUILD,-1,-1,WestShore1_dissolve,MEAN_PCT_BUILD,-1,-1,PostRd_dissolve,MEAN_PCT_BUILD,-1,-1;MEAN_BikePath "MEAN_BikePath" true true false 8 Double 0 0,First,#,Ives_rd_Dissolve,MEAN_BikePath,-1,-1,WestShore2_dissolve,MEAN_BikePath,-1,-1,WarwickAve_dissolve,MEAN_BikePath,-1,-1,WestShore1_dissolve,MEAN_BikePath,-1,-1,PostRd_dissolve,MEAN_BikePath,-1,-1;Shape_Length "Shape_Length" false true true 8 Double 0 0,First,#,Ives_rd_Dissolve,Shape_Length,-1,-1,WestShore2_dissolve,Shape_Length,-1,-1,WarwickAve_dissolve,Shape_Length,-1,-1,WestShore1_dissolve,Shape_Length,-1,-1,PostRd_dissolve,Shape_Length,-1,-1;Road_Name "Road_Name" true true false 512 Text 0 0,First,#,Ives_rd_Dissolve,Road_Name,0,512,WestShore2_dissolve,Road_Name,0,512,WarwickAve_dissolve,Road_Name,0,512,WestShore1_dissolve,Road_Name,0,512,PostRd_dissolve,Road_Name,0,512" NO_SOURCE_INFO</Process><Process ToolSource="c:\program files\arcgis\pro\Resources\ArcToolbox\toolboxes\Data Management Tools.tbx\UpdateSchema" Date="20230502" Time="143745">UpdateSchema "CIMDATA=&lt;CIMStandardDataConnection xsi:type='typens:CIMStandardDataConnection' xmlns:xsi='http://www.w3.org/2001/XMLSchema-instance' xmlns:xs='http://www.w3.org/2001/XMLSchema' xmlns:typens='http://www.esri.com/schemas/ArcGIS/3.0.0'&gt;&lt;WorkspaceConnectionString&gt;DATABASE=C:\Users\OpenTron\Documents\ArcGIS\Projects\NRS528\NRS528.gdb&lt;/WorkspaceConnectionString&gt;&lt;WorkspaceFactory&gt;FileGDB&lt;/WorkspaceFactory&gt;&lt;Dataset&gt;All_Roads&lt;/Dataset&gt;&lt;DatasetType&gt;esriDTFeatureClass&lt;/DatasetType&gt;&lt;/CIMStandardDataConnection&gt;" &lt;operationSequence&gt;&lt;workflow&gt;&lt;DeleteField&gt;&lt;field_name&gt;MEAN_PCT_RES&lt;/field_name&gt;&lt;field_name&gt;MEAN_PCT_COM&lt;/field_name&gt;&lt;field_name&gt;MEAN_PCT_FOR&lt;/field_name&gt;&lt;field_name&gt;MEAN_PCT_TRANS&lt;/field_name&gt;&lt;field_name&gt;MEAN_PCT_INDUST&lt;/field_name&gt;&lt;field_name&gt;MEAN_PCT_IMP&lt;/field_name&gt;&lt;field_name&gt;MEAN_PCT_CANOPY&lt;/field_name&gt;&lt;field_name&gt;MEAN_AVG_HEIGHT&lt;/field_name&gt;&lt;field_name&gt;MEAN_PCT_BUILD&lt;/field_name&gt;&lt;field_name&gt;MEAN_BikePath&lt;/field_name&gt;&lt;/DeleteField&gt;&lt;/workflow&gt;&lt;/operationSequence&gt;</Process><Process ToolSource="c:\program files\arcgis\pro\Resources\ArcToolbox\toolboxes\Conversion Tools.tbx\ExportFeatures" Date="20230502" Time="144308">ExportFeatures Roads_final C:\Users\OpenTron\Documents\NRS528\RANDOM\DATA\Roads_final.shp # NOT_USE_ALIAS "Road_Name "Road_Name" true true false 512 Text 0 0,First,#,Roads_final,Road_Name,0,512;Shape_Length "Shape_Length" false true true 8 Double 0 0,First,#,Roads_final,Shape_Length,-1,-1" #</Process><Process ToolSource="c:\program files\arcgis\pro\Resources\ArcToolbox\toolboxes\Data Management Tools.tbx\JoinField" Date="20230504" Time="191411">JoinField C:\Users\OpenTron\Documents\NRS528\RANDOM\DATA\Roads_final.shp FID in_memory/Residential_table FID PCT_RES "Select transfer fields" #</Process><Process ToolSource="c:\program files\arcgis\pro\Resources\ArcToolbox\toolboxes\Data Management Tools.tbx\JoinField" Date="20230504" Time="191411">JoinField C:\Users\OpenTron\Documents\NRS528\RANDOM\DATA\Roads_final.shp FID in_memory/Commercial_table FID PCT_COM "Select transfer fields" #</Process><Process ToolSource="c:\program files\arcgis\pro\Resources\ArcToolbox\toolboxes\Data Management Tools.tbx\JoinField" Date="20230504" Time="191412">JoinField C:\Users\OpenTron\Documents\NRS528\RANDOM\DATA\Roads_final.shp FID in_memory/Forest_table FID PCT_FOR "Select transfer fields" #</Process><Process ToolSource="c:\program files\arcgis\pro\Resources\ArcToolbox\toolboxes\Data Management Tools.tbx\JoinField" Date="20230504" Time="191629">JoinField C:\Users\OpenTron\Documents\NRS528\RANDOM\DATA\Roads_final.shp FID in_memory/Residential_table FID PCT_RES "Select transfer fields" #</Process><Process ToolSource="c:\program files\arcgis\pro\Resources\ArcToolbox\toolboxes\Data Management Tools.tbx\JoinField" Date="20230504" Time="191629">JoinField C:\Users\OpenTron\Documents\NRS528\RANDOM\DATA\Roads_final.shp FID in_memory/Commercial_table FID PCT_COM "Select transfer fields" #</Process><Process ToolSource="c:\program files\arcgis\pro\Resources\ArcToolbox\toolboxes\Data Management Tools.tbx\JoinField" Date="20230504" Time="191630">JoinField C:\Users\OpenTron\Documents\NRS528\RANDOM\DATA\Roads_final.shp FID in_memory/Forest_table FID PCT_FOR "Select transfer fields" #</Process><Process ToolSource="c:\program files\arcgis\pro\Resources\ArcToolbox\toolboxes\Data Management Tools.tbx\JoinField" Date="20230504" Time="191709">JoinField C:\Users\OpenTron\Documents\NRS528\RANDOM\DATA\Roads_final.shp FID in_memory/Residential_table FID PCT_RES "Select transfer fields" #</Process><Process ToolSource="c:\program files\arcgis\pro\Resources\ArcToolbox\toolboxes\Data Management Tools.tbx\JoinField" Date="20230504" Time="191710">JoinField C:\Users\OpenTron\Documents\NRS528\RANDOM\DATA\Roads_final.shp FID in_memory/Commercial_table FID PCT_COM "Select transfer fields" #</Process><Process ToolSource="c:\program files\arcgis\pro\Resources\ArcToolbox\toolboxes\Data Management Tools.tbx\JoinField" Date="20230504" Time="191710">JoinField C:\Users\OpenTron\Documents\NRS528\RANDOM\DATA\Roads_final.shp FID in_memory/Forest_table FID PCT_FOR "Select transfer fields" #</Process><Process ToolSource="c:\program files\arcgis\pro\Resources\ArcToolbox\toolboxes\Data Management Tools.tbx\JoinField" Date="20230504" Time="191745">JoinField C:\Users\OpenTron\Documents\NRS528\RANDOM\DATA\Roads_final.shp FID in_memory/Residential_table FID PCT_RES "Select transfer fields" #</Process><Process ToolSource="c:\program files\arcgis\pro\Resources\ArcToolbox\toolboxes\Data Management Tools.tbx\JoinField" Date="20230504" Time="191745">JoinField C:\Users\OpenTron\Documents\NRS528\RANDOM\DATA\Roads_final.shp FID in_memory/Commercial_table FID PCT_COM "Select transfer fields" #</Process><Process ToolSource="c:\program files\arcgis\pro\Resources\ArcToolbox\toolboxes\Data Management Tools.tbx\JoinField" Date="20230504" Time="191745">JoinField C:\Users\OpenTron\Documents\NRS528\RANDOM\DATA\Roads_final.shp FID in_memory/Forest_table FID PCT_FOR "Select transfer fields" #</Process><Process ToolSource="c:\program files\arcgis\pro\Resources\ArcToolbox\toolboxes\Data Management Tools.tbx\JoinField" Date="20230504" Time="191756">JoinField C:\Users\OpenTron\Documents\NRS528\RANDOM\DATA\Roads_final.shp FID in_memory/Residential_table FID PCT_RES "Select transfer fields" #</Process><Process ToolSource="c:\program files\arcgis\pro\Resources\ArcToolbox\toolboxes\Data Management Tools.tbx\JoinField" Date="20230504" Time="191756">JoinField C:\Users\OpenTron\Documents\NRS528\RANDOM\DATA\Roads_final.shp FID in_memory/Commercial_table FID PCT_COM "Select transfer fields" #</Process><Process ToolSource="c:\program files\arcgis\pro\Resources\ArcToolbox\toolboxes\Data Management Tools.tbx\JoinField" Date="20230504" Time="191756">JoinField C:\Users\OpenTron\Documents\NRS528\RANDOM\DATA\Roads_final.shp FID in_memory/Forest_table FID PCT_FOR "Select transfer fields" #</Process><Process ToolSource="c:\program files\arcgis\pro\Resources\ArcToolbox\toolboxes\Data Management Tools.tbx\JoinField" Date="20230504" Time="192053">JoinField C:\Users\OpenTron\Documents\NRS528\RANDOM\DATA\Roads_final.shp FID in_memory/Residential_table FID PCT_RES "Select transfer fields" #</Process><Process ToolSource="c:\program files\arcgis\pro\Resources\ArcToolbox\toolboxes\Data Management Tools.tbx\JoinField" Date="20230504" Time="192053">JoinField C:\Users\OpenTron\Documents\NRS528\RANDOM\DATA\Roads_final.shp FID in_memory/Commercial_table FID PCT_COM "Select transfer fields" #</Process><Process ToolSource="c:\program files\arcgis\pro\Resources\ArcToolbox\toolboxes\Data Management Tools.tbx\JoinField" Date="20230504" Time="192053">JoinField C:\Users\OpenTron\Documents\NRS528\RANDOM\DATA\Roads_final.shp FID in_memory/Forest_table FID PCT_FOR "Select transfer fields" #</Process><Process ToolSource="c:\program files\arcgis\pro\Resources\ArcToolbox\toolboxes\Data Management Tools.tbx\JoinField" Date="20230504" Time="192107">JoinField C:\Users\OpenTron\Documents\NRS528\RANDOM\DATA\Roads_final.shp FID in_memory/Residential_table FID PCT_RES "Select transfer fields" #</Process><Process ToolSource="c:\program files\arcgis\pro\Resources\ArcToolbox\toolboxes\Data Management Tools.tbx\JoinField" Date="20230504" Time="192108">JoinField C:\Users\OpenTron\Documents\NRS528\RANDOM\DATA\Roads_final.shp FID in_memory/Commercial_table FID PCT_COM "Select transfer fields" #</Process><Process ToolSource="c:\program files\arcgis\pro\Resources\ArcToolbox\toolboxes\Data Management Tools.tbx\JoinField" Date="20230504" Time="192108">JoinField C:\Users\OpenTron\Documents\NRS528\RANDOM\DATA\Roads_final.shp FID in_memory/Forest_table FID PCT_FOR "Select transfer fields" #</Process><Process ToolSource="c:\program files\arcgis\pro\Resources\ArcToolbox\toolboxes\Data Management Tools.tbx\JoinField" Date="20230504" Time="192121">JoinField C:\Users\OpenTron\Documents\NRS528\RANDOM\DATA\Roads_final.shp FID in_memory/Residential_table FID PCT_RES "Select transfer fields" #</Process><Process ToolSource="c:\program files\arcgis\pro\Resources\ArcToolbox\toolboxes\Data Management Tools.tbx\JoinField" Date="20230504" Time="192122">JoinField C:\Users\OpenTron\Documents\NRS528\RANDOM\DATA\Roads_final.shp FID in_memory/Commercial_table FID PCT_COM "Select transfer fields" #</Process><Process ToolSource="c:\program files\arcgis\pro\Resources\ArcToolbox\toolboxes\Data Management Tools.tbx\JoinField" Date="20230504" Time="192122">JoinField C:\Users\OpenTron\Documents\NRS528\RANDOM\DATA\Roads_final.shp FID in_memory/Forest_table FID PCT_FOR "Select transfer fields" #</Process><Process ToolSource="c:\program files\arcgis\pro\Resources\ArcToolbox\toolboxes\Data Management Tools.tbx\JoinField" Date="20230504" Time="192135">JoinField C:\Users\OpenTron\Documents\NRS528\RANDOM\DATA\Roads_final.shp FID in_memory/Residential_table FID PCT_RES "Select transfer fields" #</Process><Process ToolSource="c:\program files\arcgis\pro\Resources\ArcToolbox\toolboxes\Data Management Tools.tbx\JoinField" Date="20230504" Time="192135">JoinField C:\Users\OpenTron\Documents\NRS528\RANDOM\DATA\Roads_final.shp FID in_memory/Commercial_table FID PCT_COM "Select transfer fields" #</Process><Process ToolSource="c:\program files\arcgis\pro\Resources\ArcToolbox\toolboxes\Data Management Tools.tbx\JoinField" Date="20230504" Time="192137">JoinField C:\Users\OpenTron\Documents\NRS528\RANDOM\DATA\Roads_final.shp FID in_memory/Forest_table FID PCT_FOR "Select transfer fields" #</Process><Process ToolSource="c:\program files\arcgis\pro\Resources\ArcToolbox\toolboxes\Data Management Tools.tbx\JoinField" Date="20230504" Time="192153">JoinField C:\Users\OpenTron\Documents\NRS528\RANDOM\DATA\Roads_final.shp FID in_memory/Residential_table FID PCT_RES "Select transfer fields" #</Process><Process ToolSource="c:\program files\arcgis\pro\Resources\ArcToolbox\toolboxes\Data Management Tools.tbx\JoinField" Date="20230504" Time="192154">JoinField C:\Users\OpenTron\Documents\NRS528\RANDOM\DATA\Roads_final.shp FID in_memory/Commercial_table FID PCT_COM "Select transfer fields" #</Process><Process ToolSource="c:\program files\arcgis\pro\Resources\ArcToolbox\toolboxes\Data Management Tools.tbx\JoinField" Date="20230504" Time="192154">JoinField C:\Users\OpenTron\Documents\NRS528\RANDOM\DATA\Roads_final.shp FID in_memory/Forest_table FID PCT_FOR "Select transfer fields" #</Process><Process ToolSource="c:\program files\arcgis\pro\Resources\ArcToolbox\toolboxes\Data Management Tools.tbx\JoinField" Date="20230504" Time="192204">JoinField C:\Users\OpenTron\Documents\NRS528\RANDOM\DATA\Roads_final.shp FID in_memory/Residential_table FID PCT_RES "Select transfer fields" #</Process><Process ToolSource="c:\program files\arcgis\pro\Resources\ArcToolbox\toolboxes\Data Management Tools.tbx\JoinField" Date="20230504" Time="192204">JoinField C:\Users\OpenTron\Documents\NRS528\RANDOM\DATA\Roads_final.shp FID in_memory/Commercial_table FID PCT_COM "Select transfer fields" #</Process><Process ToolSource="c:\program files\arcgis\pro\Resources\ArcToolbox\toolboxes\Data Management Tools.tbx\JoinField" Date="20230504" Time="192204">JoinField C:\Users\OpenTron\Documents\NRS528\RANDOM\DATA\Roads_final.shp FID in_memory/Forest_table FID PCT_FOR "Select transfer fields" #</Process><Process ToolSource="c:\program files\arcgis\pro\Resources\ArcToolbox\toolboxes\Data Management Tools.tbx\JoinField" Date="20230504" Time="192220">JoinField C:\Users\OpenTron\Documents\NRS528\RANDOM\DATA\Roads_final.shp FID in_memory/Residential_table FID PCT_RES "Select transfer fields" #</Process><Process ToolSource="c:\program files\arcgis\pro\Resources\ArcToolbox\toolboxes\Data Management Tools.tbx\JoinField" Date="20230504" Time="192220">JoinField C:\Users\OpenTron\Documents\NRS528\RANDOM\DATA\Roads_final.shp FID in_memory/Commercial_table FID PCT_COM "Select transfer fields" #</Process><Process ToolSource="c:\program files\arcgis\pro\Resources\ArcToolbox\toolboxes\Data Management Tools.tbx\JoinField" Date="20230504" Time="192220">JoinField C:\Users\OpenTron\Documents\NRS528\RANDOM\DATA\Roads_final.shp FID in_memory/Forest_table FID PCT_FOR "Select transfer fields" #</Process><Process ToolSource="c:\program files\arcgis\pro\Resources\ArcToolbox\toolboxes\Data Management Tools.tbx\JoinField" Date="20230504" Time="192235">JoinField C:\Users\OpenTron\Documents\NRS528\RANDOM\DATA\Roads_final.shp FID in_memory/Residential_table FID PCT_RES "Select transfer fields" #</Process><Process ToolSource="c:\program files\arcgis\pro\Resources\ArcToolbox\toolboxes\Data Management Tools.tbx\JoinField" Date="20230504" Time="192235">JoinField C:\Users\OpenTron\Documents\NRS528\RANDOM\DATA\Roads_final.shp FID in_memory/Commercial_table FID PCT_COM "Select transfer fields" #</Process><Process ToolSource="c:\program files\arcgis\pro\Resources\ArcToolbox\toolboxes\Data Management Tools.tbx\JoinField" Date="20230504" Time="192235">JoinField C:\Users\OpenTron\Documents\NRS528\RANDOM\DATA\Roads_final.shp FID in_memory/Forest_table FID PCT_FOR "Select transfer fields" #</Process><Process ToolSource="c:\program files\arcgis\pro\Resources\ArcToolbox\toolboxes\Data Management Tools.tbx\JoinField" Date="20230504" Time="192307">JoinField C:\Users\OpenTron\Documents\NRS528\RANDOM\DATA\Roads_final.shp FID in_memory/Residential_table FID PCT_RES "Select transfer fields" #</Process><Process ToolSource="c:\program files\arcgis\pro\Resources\ArcToolbox\toolboxes\Data Management Tools.tbx\JoinField" Date="20230504" Time="192309">JoinField C:\Users\OpenTron\Documents\NRS528\RANDOM\DATA\Roads_final.shp FID in_memory/Commercial_table FID PCT_COM "Select transfer fields" #</Process><Process ToolSource="c:\program files\arcgis\pro\Resources\ArcToolbox\toolboxes\Data Management Tools.tbx\JoinField" Date="20230504" Time="192310">JoinField C:\Users\OpenTron\Documents\NRS528\RANDOM\DATA\Roads_final.shp FID in_memory/Forest_table FID PCT_FOR "Select transfer fields" #</Process><Process ToolSource="c:\program files\arcgis\pro\Resources\ArcToolbox\toolboxes\Data Management Tools.tbx\JoinField" Date="20230504" Time="192755">JoinField C:\Users\OpenTron\Documents\NRS528\RANDOM\DATA\Roads_final.shp FID in_memory/Residential_table FID PCT_RES "Select transfer fields" #</Process><Process ToolSource="c:\program files\arcgis\pro\Resources\ArcToolbox\toolboxes\Data Management Tools.tbx\JoinField" Date="20230504" Time="192755">JoinField C:\Users\OpenTron\Documents\NRS528\RANDOM\DATA\Roads_final.shp FID in_memory/Commercial_table FID PCT_COM "Select transfer fields" #</Process><Process ToolSource="c:\program files\arcgis\pro\Resources\ArcToolbox\toolboxes\Data Management Tools.tbx\JoinField" Date="20230504" Time="192755">JoinField C:\Users\OpenTron\Documents\NRS528\RANDOM\DATA\Roads_final.shp FID in_memory/Forest_table FID PCT_FOR "Select transfer fields" #</Process><Process ToolSource="c:\program files\arcgis\pro\Resources\ArcToolbox\toolboxes\Data Management Tools.tbx\JoinField" Date="20230504" Time="192820">JoinField C:\Users\OpenTron\Documents\NRS528\RANDOM\DATA\Roads_final.shp FID in_memory/Residential_table FID PCT_RES "Select transfer fields" #</Process><Process ToolSource="c:\program files\arcgis\pro\Resources\ArcToolbox\toolboxes\Data Management Tools.tbx\JoinField" Date="20230504" Time="192820">JoinField C:\Users\OpenTron\Documents\NRS528\RANDOM\DATA\Roads_final.shp FID in_memory/Commercial_table FID PCT_COM "Select transfer fields" #</Process><Process ToolSource="c:\program files\arcgis\pro\Resources\ArcToolbox\toolboxes\Data Management Tools.tbx\JoinField" Date="20230504" Time="192820">JoinField C:\Users\OpenTron\Documents\NRS528\RANDOM\DATA\Roads_final.shp FID in_memory/Forest_table FID PCT_FOR "Select transfer fields" #</Process><Process ToolSource="c:\program files\arcgis\pro\Resources\ArcToolbox\toolboxes\Data Management Tools.tbx\UpdateSchema" Date="20230504" Time="193212">UpdateSchema "CIMDATA=&lt;CIMStandardDataConnection xsi:type='typens:CIMStandardDataConnection' xmlns:xsi='http://www.w3.org/2001/XMLSchema-instance' xmlns:xs='http://www.w3.org/2001/XMLSchema' xmlns:typens='http://www.esri.com/schemas/ArcGIS/3.0.0'&gt;&lt;WorkspaceConnectionString&gt;DATABASE=C:\Users\OpenTron\Documents\NRS528\RANDOM\DATA&lt;/WorkspaceConnectionString&gt;&lt;WorkspaceFactory&gt;Shapefile&lt;/WorkspaceFactory&gt;&lt;Dataset&gt;Roads_final.shp&lt;/Dataset&gt;&lt;DatasetType&gt;esriDTFeatureClass&lt;/DatasetType&gt;&lt;/CIMStandardDataConnection&gt;" &lt;operationSequence&gt;&lt;workflow&gt;&lt;DeleteField&gt;&lt;field_name&gt;PCT_RES&lt;/field_name&gt;&lt;field_name&gt;PCT_COM&lt;/field_name&gt;&lt;field_name&gt;PCT_FOR&lt;/field_name&gt;&lt;field_name&gt;PCT_RES_1&lt;/field_name&gt;&lt;field_name&gt;PCT_COM_1&lt;/field_name&gt;&lt;field_name&gt;PCT_FOR_1&lt;/field_name&gt;&lt;field_name&gt;PCT_RES_12&lt;/field_name&gt;&lt;field_name&gt;PCT_COM_12&lt;/field_name&gt;&lt;field_name&gt;PCT_FOR_12&lt;/field_name&gt;&lt;field_name&gt;PCT_RES_13&lt;/field_name&gt;&lt;field_name&gt;PCT_COM_13&lt;/field_name&gt;&lt;field_name&gt;PCT_FOR_13&lt;/field_name&gt;&lt;field_name&gt;PCT_RES_14&lt;/field_name&gt;&lt;field_name&gt;PCT_COM_14&lt;/field_name&gt;&lt;field_name&gt;PCT_FOR_14&lt;/field_name&gt;&lt;field_name&gt;PCT_RES_15&lt;/field_name&gt;&lt;field_name&gt;PCT_COM_15&lt;/field_name&gt;&lt;field_name&gt;PCT_FOR_15&lt;/field_name&gt;&lt;field_name&gt;PCT_RES_16&lt;/field_name&gt;&lt;field_name&gt;PCT_COM_16&lt;/field_name&gt;&lt;field_name&gt;PCT_FOR_16&lt;/field_name&gt;&lt;field_name&gt;PCT_RES_17&lt;/field_name&gt;&lt;field_name&gt;PCT_COM_17&lt;/field_name&gt;&lt;field_name&gt;PCT_FOR_17&lt;/field_name&gt;&lt;field_name&gt;PCT_RES_18&lt;/field_name&gt;&lt;field_name&gt;PCT_COM_18&lt;/field_name&gt;&lt;field_name&gt;PCT_FOR_18&lt;/field_name&gt;&lt;field_name&gt;PCT_RES_19&lt;/field_name&gt;&lt;field_name&gt;PCT_COM_19&lt;/field_name&gt;&lt;field_name&gt;PCT_FOR_19&lt;/field_name&gt;&lt;field_name&gt;PCT_RES_20&lt;/field_name&gt;&lt;field_name&gt;PCT_COM_20&lt;/field_name&gt;&lt;field_name&gt;PCT_FOR_20&lt;/field_name&gt;&lt;field_name&gt;PCT_RES_21&lt;/field_name&gt;&lt;field_name&gt;PCT_COM_21&lt;/field_name&gt;&lt;field_name&gt;PCT_FOR_21&lt;/field_name&gt;&lt;field_name&gt;PCT_RES_22&lt;/field_name&gt;&lt;field_name&gt;PCT_COM_22&lt;/field_name&gt;&lt;field_name&gt;PCT_FOR_22&lt;/field_name&gt;&lt;field_name&gt;PCT_RES_23&lt;/field_name&gt;&lt;field_name&gt;PCT_COM_23&lt;/field_name&gt;&lt;field_name&gt;PCT_FOR_23&lt;/field_name&gt;&lt;field_name&gt;PCT_RES_24&lt;/field_name&gt;&lt;field_name&gt;PCT_COM_24&lt;/field_name&gt;&lt;field_name&gt;PCT_FOR_24&lt;/field_name&gt;&lt;field_name&gt;PCT_RES_25&lt;/field_name&gt;&lt;field_name&gt;PCT_COM_25&lt;/field_name&gt;&lt;field_name&gt;PCT_FOR_25&lt;/field_name&gt;&lt;/DeleteField&gt;&lt;/workflow&gt;&lt;/operationSequence&gt;</Process></lineage><itemProps><itemName Sync="TRUE">Roads_final</itemName><imsContentType Sync="TRUE">002</imsContentType><itemLocation><linkage Sync="TRUE">file://\\LAPTOP-Q505MI9I\C$\Users\OpenTron\Documents\NRS528\RANDOM\DATA\Roads_final.shp</linkage><protocol Sync="TRUE">Local Area Network</protocol></itemLocation><itemSize Sync="TRUE">0.000</itemSize></itemProps><coordRef><type Sync="TRUE">Projected</type><geogcsn Sync="TRUE">GCS_North_American_1983</geogcsn><csUnits Sync="TRUE">Linear Unit: Foot_US (0.304801)</csUnits><projcsn Sync="TRUE">NAD_1983_StatePlane_Rhode_Island_FIPS_3800_Feet</projcsn><peXml Sync="TRUE">&lt;ProjectedCoordinateSystem xsi:type='typens:ProjectedCoordinateSystem' xmlns:xsi='http://www.w3.org/2001/XMLSchema-instance' xmlns:xs='http://www.w3.org/2001/XMLSchema' xmlns:typens='http://www.esri.com/schemas/ArcGIS/3.0.0'&gt;&lt;WKT&gt;PROJCS[&amp;quot;NAD_1983_StatePlane_Rhode_Island_FIPS_3800_Feet&amp;quot;,GEOGCS[&amp;quot;GCS_North_American_1983&amp;quot;,DATUM[&amp;quot;D_North_American_1983&amp;quot;,SPHEROID[&amp;quot;GRS_1980&amp;quot;,6378137.0,298.257222101]],PRIMEM[&amp;quot;Greenwich&amp;quot;,0.0],UNIT[&amp;quot;Degree&amp;quot;,0.0174532925199433]],PROJECTION[&amp;quot;Transverse_Mercator&amp;quot;],PARAMETER[&amp;quot;False_Easting&amp;quot;,328083.3333333333],PARAMETER[&amp;quot;False_Northing&amp;quot;,0.0],PARAMETER[&amp;quot;Central_Meridian&amp;quot;,-71.5],PARAMETER[&amp;quot;Scale_Factor&amp;quot;,0.99999375],PARAMETER[&amp;quot;Latitude_Of_Origin&amp;quot;,41.08333333333334],UNIT[&amp;quot;Foot_US&amp;quot;,0.3048006096012192],AUTHORITY[&amp;quot;EPSG&amp;quot;,3438]]&lt;/WKT&gt;&lt;XOrigin&gt;-18120300&lt;/XOrigin&gt;&lt;YOrigin&gt;-47742100&lt;/YOrigin&gt;&lt;XYScale&gt;137242312.64623272&lt;/XYScale&gt;&lt;ZOrigin&gt;-100000&lt;/ZOrigin&gt;&lt;ZScale&gt;10000&lt;/ZScale&gt;&lt;MOrigin&gt;-100000&lt;/MOrigin&gt;&lt;MScale&gt;10000&lt;/MScale&gt;&lt;XYTolerance&gt;0.0032808333333333331&lt;/XYTolerance&gt;&lt;ZTolerance&gt;0.001&lt;/ZTolerance&gt;&lt;MTolerance&gt;0.001&lt;/MTolerance&gt;&lt;HighPrecision&gt;true&lt;/HighPrecision&gt;&lt;WKID&gt;102730&lt;/WKID&gt;&lt;LatestWKID&gt;3438&lt;/LatestWKID&gt;&lt;/ProjectedCoordinateSystem&gt;</peXml></coordRef></DataProperties><SyncDate>20230502</SyncDate><SyncTime>14430800</SyncTime><ModDate>20230502</ModDate><ModTime>14430800</ModTime></Esri><dataIdInfo><envirDesc Sync="TRUE">Microsoft Windows 10 Version 10.0 (Build 19044) ; Esri ArcGIS 13.0.3.36057</envirDesc><dataLang><languageCode value="eng" Sync="TRUE"></languageCode><countryCode value="USA" Sync="TRUE"></countryCode></dataLang><idCitation><resTitle Sync="TRUE">Roads_final</resTitle><presForm><PresFormCd value="005" Sync="TRUE"></PresFormCd></presForm></idCitation><spatRpType><SpatRepTypCd value="001" Sync="TRUE"></SpatRepTypCd></spatRpType></dataIdInfo><mdLang><languageCode value="eng" Sync="TRUE"></languageCode><countryCode value="USA" Sync="TRUE"></countryCode></mdLang><distInfo><distFormat><formatName Sync="TRUE">Shapefile</formatName></distFormat><distTranOps><transSize Sync="TRUE">0.000</transSize></distTranOps></distInfo><mdHrLv><ScopeCd value="005" Sync="TRUE"></ScopeCd></mdHrLv><mdHrLvName Sync="TRUE">dataset</mdHrLvName><refSysInfo><RefSystem><refSysID><identCode code="3438" Sync="TRUE"></identCode><idCodeSpace Sync="TRUE">EPSG</idCodeSpace><idVersion Sync="TRUE">6.12(9.3.0.0)</idVersion></refSysID></RefSystem></refSysInfo><spatRepInfo><VectSpatRep><geometObjs Name="Roads_final"><geoObjTyp><GeoObjTypCd value="002" Sync="TRUE"></GeoObjTypCd></geoObjTyp><geoObjCnt Sync="TRUE">0</geoObjCnt></geometObjs><topLvl><TopoLevCd value="001" Sync="TRUE"></TopoLevCd></topLvl></VectSpatRep></spatRepInfo><spdoinfo><ptvctinf><esriterm Name="Roads_final"><efeatyp Sync="TRUE">Simple</efeatyp><efeageom code="3" Sync="TRUE"></efeageom><esritopo Sync="TRUE">FALSE</esritopo><efeacnt Sync="TRUE">0</efeacnt><spindex Sync="TRUE">FALSE</spindex><linrefer Sync="TRUE">FALSE</linrefer></esriterm></ptvctinf></spdoinfo><eainfo><detailed Name="Roads_final"><enttyp><enttypl Sync="TRUE">Roads_final</enttypl><enttypt Sync="TRUE">Feature Class</enttypt><enttypc Sync="TRUE">0</enttypc></enttyp><attr><attrlabl Sync="TRUE">FID</attrlabl><attalias Sync="TRUE">FID</attalias><attrtype Sync="TRUE">OID</attrtype><attwidth Sync="TRUE">4</attwidth><atprecis Sync="TRUE">0</atprecis><attscale Sync="TRUE">0</attscale><attrdef Sync="TRUE">Internal feature number.</attrdef><attrdefs Sync="TRUE">Esri</attrdefs><attrdomv><udom Sync="TRUE">Sequential unique whole numbers that are automatically generated.</udom></attrdomv></attr><attr><attrlabl Sync="TRUE">Shape</attrlabl><attalias Sync="TRUE">Shape</attalias><attrtype Sync="TRUE">Geometry</attrtype><attwidth Sync="TRUE">0</attwidth><atprecis Sync="TRUE">0</atprecis><attscale Sync="TRUE">0</attscale><attrdef Sync="TRUE">Feature geometry.</attrdef><attrdefs Sync="TRUE">Esri</attrdefs><attrdomv><udom Sync="TRUE">Coordinates defining the features.</udom></attrdomv></attr><attr><attrlabl Sync="TRUE">Road_Name</attrlabl><attalias Sync="TRUE">Road_Name</attalias><attrtype Sync="TRUE">String</attrtype><attwidth Sync="TRUE">254</attwidth><atprecis Sync="TRUE">0</atprecis><attscale Sync="TRUE">0</attscale></attr><attr><attrlabl Sync="TRUE">Shape_Leng</attrlabl><attalias Sync="TRUE">Shape_Leng</attalias><attrtype Sync="TRUE">Double</attrtype><attwidth Sync="TRUE">19</attwidth><atprecis Sync="TRUE">0</atprecis><attscale Sync="TRUE">0</attscale></attr></detailed></eainfo><mdDateSt Sync="TRUE">20230502</mdDateSt></metadata>
